Model,Accuracy,Precision,Recall,F1-Score,ROC-AUC
Logistic Regression,0.7524461839530333,0.1387900355871886,0.78,0.23564954682779457,0.8426131687242798
KNN,0.8180039138943248,0.11363636363636363,0.4,0.17699115044247787,0.6637860082304526
Decision Tree,0.8816046966731899,0.13402061855670103,0.26,0.17687074829931973,0.5867901234567902
Random Forest,0.9256360078277887,0.19047619047619047,0.16,0.17391304347826086,0.7695781893004116
SVM,0.8258317025440313,0.14444444444444443,0.52,0.22608695652173913,0.7801646090534979
